projectKey,design_issues,java:S104,java:S107,java:S112,java:S133,java:S1104,java:S1113,java:S1118,java:S1130,java:S1133,java:S1160,java:S1161,java:S1165,java:S1166,java:S1182,java:S1185,java:S1188,java:S1194,java:S1199,java:S1210,java:S1217,java:S1220,java:S1221,java:1311,java:S1444,java:S1598,java:S1609,java:S1610,java:S2059,java:S2062,java:S2134,java:S2157,java:S2166,java:S2221,java:S2222,java:S2236,java:S2273,java:S2276,java:S2386,java:S2638,java:S2693,java:S2696,java:S2885,java:S2975,java:S3389,java:S3422
apache_sling-org-apache-sling-commons-html,55,0,0,10,0,16,0,0,0,2,0,2,5,0,0,1,0,0,15,0,0,0,0,0,0,0,0,0,0,0,0,0,0,0,0,0,0,0,4,0,0,0,0,0,0,0
poi-parent,1651,0,21,286,0,43,1,64,220,569,0,128,6,0,168,18,0,0,99,3,0,0,0,0,2,0,0,7,0,0,0,1,1,0,0,0,0,0,14,0,0,0,0,0,0,0
apache_sling-org-apache-sling-launchpad-integration-tests,302,0,0,126,0,0,0,3,138,0,0,4,0,0,0,4,0,0,21,0,0,0,0,0,0,0,0,0,0,0,0,0,0,0,0,0,0,0,1,0,0,5,0,0,0,0
apache_isis,593,0,14,114,0,3,0,100,130,121,0,26,1,0,0,12,0,0,43,9,0,0,0,0,0,0,0,6,0,0,0,0,7,0,0,0,0,0,0,0,0,6,0,1,0,0
JMeter,389,0,22,62,0,0,1,25,46,126,0,0,0,0,6,28,0,0,0,0,0,0,0,0,0,0,0,3,0,12,0,0,0,0,0,0,0,0,0,0,0,1,0,57,0,0
apache_struts,1707,0,24,141,0,67,0,62,438,108,0,703,8,0,0,10,0,0,78,1,0,0,0,0,28,0,0,1,0,2,0,4,0,0,0,0,0,0,14,0,0,16,0,2,0,0
ant-master,1330,0,14,4,0,20,5,17,817,206,0,172,3,0,2,5,0,0,30,0,0,0,0,0,0,0,0,0,0,0,0,0,0,0,0,0,0,0,0,0,0,0,2,33,0,0
apache_sling-org-apache-sling-scripting-sightly,4,0,0,0,0,0,0,4,0,0,0,0,0,0,0,0,0,0,0,0,0,0,0,0,0,0,0,0,0,0,0,0,0,0,0,0,0,0,0,0,0,0,0,0,0,0
apache_groovy,3228,0,419,217,0,165,0,131,219,594,0,1278,13,0,26,24,0,0,33,6,0,0,2,0,5,0,0,15,0,1,0,1,0,0,0,0,0,0,22,0,0,25,0,32,0,0
cxf,3271,0,37,746,0,49,3,1,1196,58,0,833,34,0,2,6,0,0,210,3,1,0,4,0,49,0,0,1,0,0,0,0,2,0,0,0,0,1,9,0,0,18,0,4,0,4
apache_sling-org-apache-sling-i18n,5,0,0,0,0,2,0,0,1,1,0,0,0,0,0,1,0,0,0,0,0,0,0,0,0,0,0,0,0,0,0,0,0,0,0,0,0,0,0,0,0,0,0,0,0,0
apache_sling-org-apache-sling-scripting-javascript,18,0,0,0,0,0,0,0,2,3,0,10,0,0,0,0,0,0,3,0,0,0,0,0,0,0,0,0,0,0,0,0,0,0,0,0,0,0,0,0,0,0,0,0,0,0
org.apache.nemo:nemo-project,189,0,7,165,0,0,0,1,16,0,0,0,0,0,0,0,0,0,0,0,0,0,0,0,0,0,0,0,0,0,0,0,0,0,0,0,0,0,0,0,0,0,0,0,0,0
apache_sling-org-apache-sling-launchpad-test-services,46,0,0,33,0,0,0,1,5,0,0,0,0,0,0,0,0,0,5,0,0,0,0,0,0,0,0,0,0,0,0,0,0,0,0,0,0,0,0,0,0,2,0,0,0,0
jspwiki-builder,241,0,0,6,0,48,0,6,51,48,0,38,0,0,1,3,0,0,0,0,0,0,0,0,25,0,0,0,0,0,0,0,0,0,0,0,0,0,4,0,0,7,0,4,0,0
apache_sling-org-apache-sling-scripting-sightly-compiler,19,0,0,1,0,0,0,11,1,2,0,0,3,0,0,0,0,0,0,0,0,0,0,0,0,0,0,1,0,0,0,0,0,0,0,0,0,0,0,0,0,0,0,0,0,0
apache_sling-org-apache-sling-models-impl,8,0,1,0,0,0,0,0,6,1,0,0,0,0,0,0,0,0,0,0,0,0,0,0,0,0,0,0,0,0,0,0,0,0,0,0,0,0,0,0,0,0,0,0,0,0
pdfbox-reactor,226,0,15,38,0,5,2,2,10,39,0,0,4,0,3,0,0,0,57,2,0,0,0,0,4,0,0,7,0,0,0,0,0,0,0,0,0,0,33,0,0,0,0,5,0,0
hadoop-ozone,265,0,29,112,0,0,0,6,75,9,0,7,9,0,0,6,0,0,0,0,0,3,0,0,0,2,0,1,0,0,0,0,0,0,0,0,0,0,6,0,0,0,0,0,0,0
apache_sling-org-apache-sling-scripting-jsp,310,0,13,12,0,13,0,16,80,8,0,151,0,0,0,0,0,0,4,0,0,0,0,0,6,0,0,1,0,0,0,0,0,0,0,0,0,0,6,0,0,0,0,0,0,0
apache_sling-slingfeature-maven-plugin,68,0,0,24,0,29,0,6,6,2,0,1,0,0,0,0,0,0,0,0,0,0,0,0,0,0,0,0,0,0,0,0,0,0,0,0,0,0,0,0,0,0,0,0,0,0
apache_sling-org-apache-sling-jcr-base,492,0,1,0,0,0,0,2,486,2,0,0,0,0,0,0,0,0,0,1,0,0,0,0,0,0,0,0,0,0,0,0,0,0,0,0,0,0,0,0,0,0,0,0,0,0
apache_incubator-iotdb,225,0,18,23,0,50,0,20,27,11,0,5,5,0,14,0,0,0,0,3,0,0,0,0,4,0,0,3,0,0,0,0,0,0,1,0,0,0,14,0,0,10,0,17,0,0
apache-dolphinscheduler,285,0,25,169,0,4,1,42,30,0,0,0,2,0,0,1,0,0,3,0,0,0,0,0,0,0,0,0,0,0,0,0,0,0,0,0,0,0,1,0,0,7,0,0,0,0
apache_openmeetings,112,0,10,45,0,0,0,3,3,7,0,0,0,0,0,2,0,0,41,0,0,0,0,0,0,0,0,0,0,0,0,0,0,0,0,0,0,0,0,0,0,1,0,0,0,0
roller-master,176,0,12,74,0,18,0,14,27,4,0,1,2,0,0,0,0,0,1,2,0,0,0,0,11,0,0,1,0,0,0,0,0,0,0,0,0,1,2,0,0,6,0,0,0,0
apache_sling-org-apache-sling-fsresource,269,0,0,6,0,4,0,0,256,0,0,2,0,0,0,0,0,0,0,0,0,0,0,0,1,0,0,0,0,0,0,0,0,0,0,0,0,0,0,0,0,0,0,0,0,0
apache_sling-org-apache-sling-distribution-core,71,0,6,24,0,0,0,15,4,0,0,21,0,0,0,0,0,0,0,0,0,0,0,0,0,0,0,0,0,0,0,0,0,0,0,0,0,0,0,0,0,1,0,0,0,0
servicecomb-toolkit,63,0,2,32,0,0,0,17,1,0,0,0,0,0,0,1,0,0,6,0,0,0,0,0,0,0,0,2,0,0,0,0,0,0,0,0,0,0,1,0,0,1,0,0,0,0
apache_sling-org-apache-sling-testing-serversetup,9,0,0,6,0,0,0,1,1,0,0,1,0,0,0,0,0,0,0,0,0,0,0,0,0,0,0,0,0,0,0,0,0,0,0,0,0,0,0,0,0,0,0,0,0,0
apache_sling-org-apache-sling-engine,39,0,0,0,0,0,0,4,5,24,0,2,0,0,0,1,0,0,0,0,0,0,0,0,0,0,0,0,0,0,0,0,0,0,0,0,0,0,0,0,0,1,2,0,0,0
apache_sling-org-apache-sling-commons-scheduler,39,0,2,7,0,16,0,1,4,8,0,0,0,0,0,0,0,0,0,0,0,0,0,0,1,0,0,0,0,0,0,0,0,0,0,0,0,0,0,0,0,0,0,0,0,0
apache_sling-org-apache-sling-scripting-bundle-tracker,1,0,1,0,0,0,0,0,0,0,0,0,0,0,0,0,0,0,0,0,0,0,0,0,0,0,0,0,0,0,0,0,0,0,0,0,0,0,0,0,0,0,0,0,0,0
apache_sling-org-apache-sling-pipes,45,0,0,27,0,0,0,2,5,0,0,1,0,0,0,0,0,0,8,0,0,0,0,0,0,0,0,0,0,0,0,0,0,0,0,0,0,0,2,0,0,0,0,0,0,0
apache_sling-org-apache-sling-discovery-commons,18,0,0,9,0,0,0,4,3,2,0,0,0,0,0,0,0,0,0,0,0,0,0,0,0,0,0,0,0,0,0,0,0,0,0,0,0,0,0,0,0,0,0,0,0,0
apache_sling-org-apache-sling-testing-osgi-mock,44,0,0,44,0,0,0,0,0,0,0,0,0,0,0,0,0,0,0,0,0,0,0,0,0,0,0,0,0,0,0,0,0,0,0,0,0,0,0,0,0,0,0,0,0,0
apache_sling-whiteboard,52,0,0,27,0,2,0,3,18,0,0,0,0,0,0,0,0,0,0,0,0,0,0,0,2,0,0,0,0,0,0,0,0,0,0,0,0,0,0,0,0,0,0,0,0,0
apache_plc4x,267,0,11,55,0,4,0,19,41,25,0,2,4,0,1,4,0,0,94,0,0,0,0,0,4,0,0,2,0,0,0,0,0,0,0,0,0,0,0,0,0,0,0,1,0,0
commons-compress,92,0,1,0,0,0,2,16,13,34,0,0,1,0,0,0,0,0,18,0,0,0,0,0,0,0,0,0,0,0,0,0,0,0,0,0,0,0,0,0,0,0,0,7,0,0
apache_sling-org-apache-sling-jcr-jackrabbit-accessmanager,11,0,3,0,0,2,0,0,0,3,0,0,0,0,0,2,0,0,0,0,0,0,0,0,0,0,0,0,0,0,0,0,0,0,0,0,0,0,0,0,0,1,0,0,0,0
apache_sling-org-apache-sling-validation-core,11,0,1,0,0,2,0,1,6,0,0,1,0,0,0,0,0,0,0,0,0,0,0,0,0,0,0,0,0,0,0,0,0,0,0,0,0,0,0,0,0,0,0,0,0,0
apache_sling-org-apache-sling-servlets-post,51,0,0,1,0,12,0,1,3,5,0,27,0,0,1,0,0,0,0,0,0,0,0,0,0,0,0,0,0,0,0,0,0,0,0,0,0,0,0,0,0,0,0,1,0,0
apache_incubator-tamaya-sandbox,7,0,0,0,0,0,0,0,0,0,0,5,0,0,1,0,0,0,0,0,0,0,0,0,0,0,0,0,0,0,0,0,0,0,0,0,0,0,0,0,0,0,0,1,0,0
apache_sling-org-apache-sling-resourcemerger,7,0,0,0,0,2,0,1,0,2,0,2,0,0,0,0,0,0,0,0,0,0,0,0,0,0,0,0,0,0,0,0,0,0,0,0,0,0,0,0,0,0,0,0,0,0
apache_sling-org-apache-sling-resourceresolver,82,0,0,2,0,7,0,4,56,0,0,1,4,0,0,0,0,0,0,6,0,0,0,0,1,0,0,0,0,0,0,0,0,0,0,0,0,0,0,0,0,0,0,1,0,0
apache_sling-org-apache-sling-feature,16,0,0,3,0,0,0,6,0,6,0,0,0,0,0,0,0,0,0,1,0,0,0,0,0,0,0,0,0,0,0,0,0,0,0,0,0,0,0,0,0,0,0,0,0,0
apache_incubator-tamaya-extensions,55,0,2,2,0,0,0,0,28,10,0,11,0,0,0,0,0,0,0,0,0,2,0,0,0,0,0,0,0,0,0,0,0,0,0,0,0,0,0,0,0,0,0,0,0,0
apache_sling-org-apache-sling-jobs,4,0,0,1,0,1,0,1,0,0,0,0,0,0,0,0,0,0,0,0,0,0,0,0,1,0,0,0,0,0,0,0,0,0,0,0,0,0,0,0,0,0,0,0,0,0
apache_sling-org-apache-sling-commons-testing,179,0,1,3,0,0,0,2,160,5,0,5,0,0,0,0,0,0,2,0,0,0,0,0,0,0,0,0,0,0,0,0,0,0,0,0,0,0,0,0,0,1,0,0,0,0
apache_sling-org-apache-sling-api,65,0,0,0,0,13,0,8,0,33,0,9,0,0,0,0,0,0,0,0,0,0,0,0,0,0,0,0,0,0,0,0,0,0,0,0,0,0,1,0,0,0,0,1,0,0
apache_sling-org-apache-sling-resource-filter,66,0,0,18,0,21,0,1,0,2,0,1,5,0,0,1,0,0,14,0,0,0,0,0,0,0,0,0,0,0,0,0,0,0,0,0,0,0,3,0,0,0,0,0,0,0
apache_sling-org-apache-sling-testing-clients,46,0,0,4,0,0,0,9,12,17,0,2,1,0,0,1,0,0,0,0,0,0,0,0,0,0,0,0,0,0,0,0,0,0,0,0,0,0,0,0,0,0,0,0,0,0
apache_sling-org-apache-sling-scripting-core,8,0,2,0,0,2,0,0,1,1,0,1,0,0,0,0,0,0,0,0,0,0,0,0,0,0,0,0,0,0,0,0,0,0,0,0,0,0,1,0,0,0,0,0,0,0
apache_sling-org-apache-sling-servlets-resolver,8,0,2,0,0,0,0,0,2,1,0,3,0,0,0,0,0,0,0,0,0,0,0,0,0,0,0,0,0,0,0,0,0,0,0,0,0,0,0,0,0,0,0,0,0,0
apache_sling-org-apache-sling-jcr-repoinit,12,0,0,10,0,0,0,2,0,0,0,0,0,0,0,0,0,0,0,0,0,0,0,0,0,0,0,0,0,0,0,0,0,0,0,0,0,0,0,0,0,0,0,0,0,0
apache_sling-org-apache-sling-junit-teleporter,10,0,0,4,0,0,0,0,6,0,0,0,0,0,0,0,0,0,0,0,0,0,0,0,0,0,0,0,0,0,0,0,0,0,0,0,0,0,0,0,0,0,0,0,0,0
servicecomb-pack,58,0,17,20,0,0,0,5,12,2,0,1,0,0,0,0,0,0,0,1,0,0,0,0,0,0,0,0,0,0,0,0,0,0,0,0,0,0,0,0,0,0,0,0,0,0
apache_incubator-ratis,149,0,12,24,0,34,0,7,16,1,0,6,3,0,0,4,0,0,0,3,0,0,0,0,34,1,0,2,0,0,0,0,0,0,1,0,0,0,1,0,0,0,0,0,0,0
apache_sling-org-apache-sling-jcr-resource,5,0,0,0,0,0,0,3,1,1,0,0,0,0,0,0,0,0,0,0,0,0,0,0,0,0,0,0,0,0,0,0,0,0,0,0,0,0,0,0,0,0,0,0,0,0
apache_sling-org-apache-sling-junit-core,45,0,0,8,0,0,0,2,23,2,0,1,0,0,0,4,0,0,3,0,0,0,0,0,0,0,0,0,0,0,0,0,0,0,0,0,0,0,0,0,0,2,0,0,0,0
commons-rng,10,0,2,0,0,0,0,0,0,8,0,0,0,0,0,0,0,0,0,0,0,0,0,0,0,0,0,0,0,0,0,0,0,0,0,0,0,0,0,0,0,0,0,0,0,0
apache_sling-slingstart-maven-plugin,45,0,1,15,0,14,0,7,5,1,0,0,0,0,0,0,0,0,0,0,0,0,0,0,0,0,0,1,0,0,0,0,0,0,0,0,0,0,1,0,0,0,0,0,0,0
knox-gateway,381,0,2,73,0,30,0,106,85,34,0,0,1,0,0,43,0,0,0,3,0,0,0,0,0,0,0,1,0,0,0,0,0,0,0,0,0,1,2,0,0,0,0,0,0,0
apache_sling-org-apache-sling-provisioning-model,12,0,0,0,0,0,0,4,1,3,0,0,0,0,0,0,0,0,0,4,0,0,0,0,0,0,0,0,0,0,0,0,0,0,0,0,0,0,0,0,0,0,0,0,0,0
apache_sling-org-apache-sling-scripting-jsp-taglib,3,0,0,0,0,0,0,1,0,0,0,0,0,0,0,0,0,0,0,0,0,0,0,0,0,0,0,0,0,0,0,0,0,0,0,0,0,0,0,0,0,2,0,0,0,0
apache_sling-org-apache-sling-scripting-sightly-compiler-java,6,0,0,0,0,0,0,5,0,1,0,0,0,0,0,0,0,0,0,0,0,0,0,0,0,0,0,0,0,0,0,0,0,0,0,0,0,0,0,0,0,0,0,0,0,0
apache_sling-org-apache-sling-tracer,3,0,0,0,0,0,0,1,0,0,0,0,0,0,0,0,0,0,0,2,0,0,0,0,0,0,0,0,0,0,0,0,0,0,0,0,0,0,0,0,0,0,0,0,0,0
apache_sling-org-apache-sling-feature-modelconverter,6,0,1,0,0,0,0,2,3,0,0,0,0,0,0,0,0,0,0,0,0,0,0,0,0,0,0,0,0,0,0,0,0,0,0,0,0,0,0,0,0,0,0,0,0,0
commons-geometry,6,0,6,0,0,0,0,0,0,0,0,0,0,0,0,0,0,0,0,0,0,0,0,0,0,0,0,0,0,0,0,0,0,0,0,0,0,0,0,0,0,0,0,0,0,0
apache_sling-org-apache-sling-scripting-sightly-js-provider,5,0,0,0,0,0,0,4,0,0,0,0,0,0,0,0,0,0,0,0,0,0,0,0,0,0,0,0,0,0,0,0,0,0,0,0,0,0,1,0,0,0,0,0,0,0
apache_sling-org-apache-sling-installer-core,19,0,2,1,0,9,0,2,1,2,0,0,0,0,0,0,0,0,0,0,0,0,0,0,1,0,0,0,0,0,0,0,0,0,0,0,0,0,0,0,0,1,0,0,0,0
apache_sling-org-apache-sling-caconfig-impl,18,0,5,2,0,0,0,0,0,3,0,8,0,0,0,0,0,0,0,0,0,0,0,0,0,0,0,0,0,0,0,0,0,0,0,0,0,0,0,0,0,0,0,0,0,0
apache_sling-org-apache-sling-discovery-impl,10,0,1,6,0,0,0,2,0,0,0,0,0,0,0,0,0,0,1,0,0,0,0,0,0,0,0,0,0,0,0,0,0,0,0,0,0,0,0,0,0,0,0,0,0,0
apache_sling-org-apache-sling-discovery-base,27,0,0,22,0,0,0,2,3,0,0,0,0,0,0,0,0,0,0,0,0,0,0,0,0,0,0,0,0,0,0,0,0,0,0,0,0,0,0,0,0,0,0,0,0,0
apache_sling-maven-plugin,7,0,0,0,0,0,0,0,6,1,0,0,0,0,0,0,0,0,0,0,0,0,0,0,0,0,0,0,0,0,0,0,0,0,0,0,0,0,0,0,0,0,0,0,0,0
apache_sling-org-apache-sling-commons-threads,8,0,1,0,0,0,0,0,0,5,0,2,0,0,0,0,0,0,0,0,0,0,0,0,0,0,0,0,0,0,0,0,0,0,0,0,0,0,0,0,0,0,0,0,0,0
apache_incubator-tamaya,26,0,0,4,0,0,0,0,0,12,0,10,0,0,0,0,0,0,0,0,0,0,0,0,0,0,0,0,0,0,0,0,0,0,0,0,0,0,0,0,0,0,0,0,0,0
apache_sling-org-apache-sling-jcr-classloader,11,0,0,0,0,0,0,0,2,0,0,9,0,0,0,0,0,0,0,0,0,0,0,0,0,0,0,0,0,0,0,0,0,0,0,0,0,0,0,0,0,0,0,0,0,0
apache_sling-org-apache-sling-event,37,0,0,2,0,21,0,6,1,0,0,0,0,0,0,0,0,0,0,1,0,0,0,0,2,0,0,0,0,0,0,0,0,0,0,0,0,0,1,0,0,3,0,0,0,0
apache_sling-maven-launchpad-plugin,5,0,0,1,0,0,0,0,1,0,0,2,0,0,0,0,0,0,0,0,0,0,0,0,0,0,0,0,0,0,0,0,0,0,0,0,0,0,1,0,0,0,0,0,0,0
apache_sling-org-apache-sling-rewriter,10,0,1,1,0,2,0,0,1,0,0,1,0,0,0,0,0,0,0,0,0,0,0,0,1,0,0,0,0,0,0,0,0,0,0,0,0,0,3,0,0,0,0,0,0,0
apache_sling-org-apache-sling-testing-sling-mock,44,0,2,21,0,0,0,0,10,6,0,5,0,0,0,0,0,0,0,0,0,0,0,0,0,0,0,0,0,0,0,0,0,0,0,0,0,0,0,0,0,0,0,0,0,0
apache_sling-org-apache-sling-feature-launcher,13,0,0,12,0,0,0,1,0,0,0,0,0,0,0,0,0,0,0,0,0,0,0,0,0,0,0,0,0,0,0,0,0,0,0,0,0,0,0,0,0,0,0,0,0,0
apache_sling-org-apache-sling-installer-provider-jcr,5,0,0,1,0,0,0,1,2,0,0,0,0,0,0,0,0,0,0,1,0,0,0,0,0,0,0,0,0,0,0,0,0,0,0,0,0,0,0,0,0,0,0,0,0,0
apache_sling-org-apache-sling-auth-form,6,0,0,2,0,0,0,0,4,0,0,0,0,0,0,0,0,0,0,0,0,0,0,0,0,0,0,0,0,0,0,0,0,0,0,0,0,0,0,0,0,0,0,0,0,0
apache_sling-org-apache-sling-servlet-helpers,8,0,0,5,0,0,0,1,0,2,0,0,0,0,0,0,0,0,0,0,0,0,0,0,0,0,0,0,0,0,0,0,0,0,0,0,0,0,0,0,0,0,0,0,0,0
apache_sling-org-apache-sling-feature-extension-apiregions,11,0,0,2,0,7,0,1,0,0,0,0,0,0,0,1,0,0,0,0,0,0,0,0,0,0,0,0,0,0,0,0,0,0,0,0,0,0,0,0,0,0,0,0,0,0
apache_sling-org-apache-sling-jcr-webdav,2,0,0,0,0,0,0,0,0,0,0,0,0,0,0,0,0,0,0,0,0,0,0,0,0,0,0,0,0,0,0,0,0,0,0,0,0,0,2,0,0,0,0,0,0,0
apache_sling-org-apache-sling-commons-jcr-file,7,0,1,4,0,0,0,1,0,0,0,1,0,0,0,0,0,0,0,0,0,0,0,0,0,0,0,0,0,0,0,0,0,0,0,0,0,0,0,0,0,0,0,0,0,0
apache_sling-org-apache-sling-launchpad-base,17,0,0,4,0,0,0,2,3,2,0,4,0,0,0,0,0,0,0,0,0,0,0,0,0,0,0,0,0,0,0,0,0,0,0,0,0,0,0,0,0,0,2,0,0,0
apache_sling-org-apache-sling-commons-log,7,0,1,1,0,0,0,3,1,0,0,1,0,0,0,0,0,0,0,0,0,0,0,0,0,0,0,0,0,0,0,0,0,0,0,0,0,0,0,0,0,0,0,0,0,0
apache_sling-org-apache-sling-jcr-contentloader,23,0,0,3,0,11,0,1,0,0,0,3,0,0,0,0,0,0,0,0,0,0,0,0,3,0,0,1,0,0,0,0,0,0,0,0,0,0,0,0,0,0,1,0,0,0
apache_sling-kickstart-maven-plugin,19,0,0,12,0,0,0,2,3,1,0,0,0,0,0,0,0,0,0,0,0,0,0,0,0,0,0,0,0,0,0,0,0,0,0,0,0,0,1,0,0,0,0,0,0,0
apache_sling-org-apache-sling-scripting-esx,10,0,0,0,0,4,0,0,0,0,0,0,0,0,0,0,0,0,0,0,0,0,0,0,4,0,0,0,0,0,0,0,0,0,0,0,0,0,2,0,0,0,0,0,0,0
apache_sling-org-apache-sling-feature-analyser,12,0,0,3,0,6,0,0,1,2,0,0,0,0,0,0,0,0,0,0,0,0,0,0,0,0,0,0,0,0,0,0,0,0,0,0,0,0,0,0,0,0,0,0,0,0
apache_sling-org-apache-sling-jcr-jackrabbit-usermanager,19,0,0,0,0,2,0,0,6,3,0,2,0,0,0,6,0,0,0,0,0,0,0,0,0,0,0,0,0,0,0,0,0,0,0,0,0,0,0,0,0,0,0,0,0,0
apache_sling-org-apache-sling-auth-core,15,0,0,0,0,0,0,0,0,13,0,0,0,0,0,0,0,0,0,0,0,0,0,0,0,0,0,0,0,0,0,0,0,0,0,0,0,0,2,0,0,0,0,0,0,0
apache_sling-org-apache-sling-hapi,11,0,1,3,0,0,0,0,0,4,0,0,0,0,0,0,0,0,0,0,0,0,0,0,0,0,0,0,0,0,0,0,0,0,0,0,0,0,0,0,0,3,0,0,0,0
apache_sling-org-apache-sling-clam,18,0,0,15,0,0,0,1,1,0,0,0,0,0,0,0,0,0,0,0,0,0,0,0,0,0,0,0,0,0,0,0,0,0,0,0,0,0,0,0,0,0,1,0,0,0
apache_sling-org-apache-sling-serviceusermapper,6,0,0,1,0,1,0,1,0,0,0,0,0,0,0,0,0,0,0,2,0,0,0,0,1,0,0,0,0,0,0,0,0,0,0,0,0,0,0,0,0,0,0,0,0,0
apache_sling-org-apache-sling-testing-resourceresolver-mock,6,0,0,1,0,2,0,1,1,1,0,0,0,0,0,0,0,0,0,0,0,0,0,0,0,0,0,0,0,0,0,0,0,0,0,0,0,0,0,0,0,0,0,0,0,0
apache_sling-org-apache-sling-servlets-get,5,0,0,0,0,3,0,0,2,0,0,0,0,0,0,0,0,0,0,0,0,0,0,0,0,0,0,0,0,0,0,0,0,0,0,0,0,0,0,0,0,0,0,0,0,0
apache_sling-org-apache-sling-app-cms,5,0,0,1,0,0,0,0,3,0,0,0,0,0,0,0,0,0,0,0,0,0,0,0,0,0,0,0,0,0,0,0,0,0,0,0,0,0,1,0,0,0,0,0,0,0
apache_incubator-daffodil,3,0,0,0,0,0,0,0,2,0,0,0,0,0,0,0,0,0,0,0,0,0,0,0,0,0,0,1,0,0,0,0,0,0,0,0,0,0,0,0,0,0,0,0,0,0
apache_sling-org-apache-sling-discovery-oak,8,0,1,6,0,0,0,0,0,0,0,0,0,0,0,0,0,0,1,0,0,0,0,0,0,0,0,0,0,0,0,0,0,0,0,0,0,0,0,0,0,0,0,0,0,0
apache_sling-org-apache-sling-feature-io,10,0,0,3,0,0,0,4,1,2,0,0,0,0,0,0,0,0,0,0,0,0,0,0,0,0,0,0,0,0,0,0,0,0,0,0,0,0,0,0,0,0,0,0,0,0
apache_sling-jspc-maven-plugin,11,0,0,4,0,0,0,0,2,5,0,0,0,0,0,0,0,0,0,0,0,0,0,0,0,0,0,0,0,0,0,0,0,0,0,0,0,0,0,0,0,0,0,0,0,0
apache_sling-org-apache-sling-jmx-provider,6,0,0,0,0,2,0,1,0,0,0,3,0,0,0,0,0,0,0,0,0,0,0,0,0,0,0,0,0,0,0,0,0,0,0,0,0,0,0,0,0,0,0,0,0,0
apache_sling-org-apache-sling-xss,3,0,0,1,0,0,0,0,0,0,0,0,2,0,0,0,0,0,0,0,0,0,0,0,0,0,0,0,0,0,0,0,0,0,0,0,0,0,0,0,0,0,0,0,0,0
apache_sling-org-apache-sling-scripting-java,9,0,0,1,0,0,0,1,3,4,0,0,0,0,0,0,0,0,0,0,0,0,0,0,0,0,0,0,0,0,0,0,0,0,0,0,0,0,0,0,0,0,0,0,0,0
apache_sling-org-apache-sling-testing-paxexam,4,0,0,1,0,1,0,1,0,0,0,0,0,0,0,0,0,0,0,0,0,0,0,0,1,0,0,0,0,0,0,0,0,0,0,0,0,0,0,0,0,0,0,0,0,0
apache_sling-org-apache-sling-distribution-journal,17,0,2,15,0,0,0,0,0,0,0,0,0,0,0,0,0,0,0,0,0,0,0,0,0,0,0,0,0,0,0,0,0,0,0,0,0,0,0,0,0,0,0,0,0,0
apache_sling-org-apache-sling-feature-cpconverter,12,0,0,12,0,0,0,0,0,0,0,0,0,0,0,0,0,0,0,0,0,0,0,0,0,0,0,0,0,0,0,0,0,0,0,0,0,0,0,0,0,0,0,0,0,0
apache_sling-org-apache-sling-bundleresource-impl,4,0,0,0,0,0,0,0,0,0,0,4,0,0,0,0,0,0,0,0,0,0,0,0,0,0,0,0,0,0,0,0,0,0,0,0,0,0,0,0,0,0,0,0,0,0
commons-numbers,1,0,1,0,0,0,0,0,0,0,0,0,0,0,0,0,0,0,0,0,0,0,0,0,0,0,0,0,0,0,0,0,0,0,0,0,0,0,0,0,0,0,0,0,0,0
apache_sling-org-apache-sling-testing-jcr-mock,9,0,0,3,0,0,0,1,5,0,0,0,0,0,0,0,0,0,0,0,0,0,0,0,0,0,0,0,0,0,0,0,0,0,0,0,0,0,0,0,0,0,0,0,0,0
apache_sling-org-apache-sling-testing-rules,2,0,0,1,0,0,0,0,0,0,0,0,0,0,0,1,0,0,0,0,0,0,0,0,0,0,0,0,0,0,0,0,0,0,0,0,0,0,0,0,0,0,0,0,0,0
apache_sling-org-apache-sling-commons-metrics,6,0,0,2,0,0,0,2,2,0,0,0,0,0,0,0,0,0,0,0,0,0,0,0,0,0,0,0,0,0,0,0,0,0,0,0,0,0,0,0,0,0,0,0,0,0
apache_sling-org-apache-sling-scripting-thymeleaf,1,0,0,1,0,0,0,0,0,0,0,0,0,0,0,0,0,0,0,0,0,0,0,0,0,0,0,0,0,0,0,0,0,0,0,0,0,0,0,0,0,0,0,0,0,0
apache_sling-scriptingbundle-maven-plugin,1,0,1,0,0,0,0,0,0,0,0,0,0,0,0,0,0,0,0,0,0,0,0,0,0,0,0,0,0,0,0,0,0,0,0,0,0,0,0,0,0,0,0,0,0,0
commons-statistics,0,0,0,0,0,0,0,0,0,0,0,0,0,0,0,0,0,0,0,0,0,0,0,0,0,0,0,0,0,0,0,0,0,0,0,0,0,0,0,0,0,0,0,0,0,0
apache_sling-parent,0,0,0,0,0,0,0,0,0,0,0,0,0,0,0,0,0,0,0,0,0,0,0,0,0,0,0,0,0,0,0,0,0,0,0,0,0,0,0,0,0,0,0,0,0,0
apache_sling-org-apache-sling-query,0,0,0,0,0,0,0,0,0,0,0,0,0,0,0,0,0,0,0,0,0,0,0,0,0,0,0,0,0,0,0,0,0,0,0,0,0,0,0,0,0,0,0,0,0,0
apache_sling-org-apache-sling-file-optimization,0,0,0,0,0,0,0,0,0,0,0,0,0,0,0,0,0,0,0,0,0,0,0,0,0,0,0,0,0,0,0,0,0,0,0,0,0,0,0,0,0,0,0,0,0,0
apache_sling-org-apache-sling-models-integration-tests,0,0,0,0,0,0,0,0,0,0,0,0,0,0,0,0,0,0,0,0,0,0,0,0,0,0,0,0,0,0,0,0,0,0,0,0,0,0,0,0,0,0,0,0,0,0
apache_sling-org-apache-sling-committer-cli,0,0,0,0,0,0,0,0,0,0,0,0,0,0,0,0,0,0,0,0,0,0,0,0,0,0,0,0,0,0,0,0,0,0,0,0,0,0,0,0,0,0,0,0,0,0
apache_ofbiz-plugins,0,0,0,0,0,0,0,0,0,0,0,0,0,0,0,0,0,0,0,0,0,0,0,0,0,0,0,0,0,0,0,0,0,0,0,0,0,0,0,0,0,0,0,0,0,0
apache_ofbiz-framework,0,0,0,0,0,0,0,0,0,0,0,0,0,0,0,0,0,0,0,0,0,0,0,0,0,0,0,0,0,0,0,0,0,0,0,0,0,0,0,0,0,0,0,0,0,0
milagro,0,0,0,0,0,0,0,0,0,0,0,0,0,0,0,0,0,0,0,0,0,0,0,0,0,0,0,0,0,0,0,0,0,0,0,0,0,0,0,0,0,0,0,0,0,0
apache_incubator-milagro-MPC,0,0,0,0,0,0,0,0,0,0,0,0,0,0,0,0,0,0,0,0,0,0,0,0,0,0,0,0,0,0,0,0,0,0,0,0,0,0,0,0,0,0,0,0,0,0
